{
  "firstLayout": "",
  "gdVersion": {
    "build": 245,
    "major": 5,
    "minor": 5,
    "revision": 0
  },
  "properties": {
    "adaptGameResolutionAtRuntime": true,
    "antialiasingMode": "MSAA",
    "antialisingEnabledOnMobile": false,
    "folderProject": true,
    "orientation": "default",
    "packageName": "com.example.gamename",
    "pixelsRounding": false,
    "projectUuid": "045e1989-bfc3-4747-80a2-dc676dac81aa",
    "scaleMode": "nearest",
    "sizeOnStartupMode": "",
    "templateSlug": "starting-top-down-pixel",
    "version": "1.0.0",
    "name": "Lobotomized Fish (Vertical Slice) - Copy",
    "description": "",
    "author": "",
    "windowWidth": 1280,
    "windowHeight": 720,
    "latestCompilationDirectory": "",
    "maxFPS": 60,
    "minFPS": 20,
    "verticalSync": false,
    "platformSpecificAssets": {
      "android-icon-144": "",
      "android-icon-192": "",
      "android-icon-36": "",
      "android-icon-48": "",
      "android-icon-72": "",
      "android-icon-96": "",
      "android-windowSplashScreenAnimatedIcon": "",
      "desktop-icon-512": "",
      "ios-icon-100": "",
      "ios-icon-1024": "",
      "ios-icon-114": "",
      "ios-icon-120": "",
      "ios-icon-144": "",
      "ios-icon-152": "",
      "ios-icon-167": "",
      "ios-icon-180": "",
      "ios-icon-20": "",
      "ios-icon-29": "",
      "ios-icon-40": "",
      "ios-icon-50": "",
      "ios-icon-57": "",
      "ios-icon-58": "",
      "ios-icon-60": "",
      "ios-icon-72": "",
      "ios-icon-76": "",
      "ios-icon-80": "",
      "ios-icon-87": ""
    },
    "loadingScreen": {
      "backgroundColor": 0,
      "backgroundFadeInDuration": 0.2,
      "backgroundImageResourceName": "",
      "gdevelopLogoStyle": "light",
      "logoAndProgressFadeInDuration": 0.2,
      "logoAndProgressLogoFadeInDelay": 0,
      "minDuration": 1.5,
      "progressBarColor": 16777215,
      "progressBarHeight": 20,
      "progressBarMaxWidth": 200,
      "progressBarMinWidth": 40,
      "progressBarWidthPercent": 30,
      "showGDevelopSplash": true,
      "showProgressBar": true
    },
    "watermark": {
      "placement": "bottom-left",
      "showWatermark": true
    },
    "authorIds": [
      "rwRkbeQm2JeIKaRBSG1Bp2Go0Fv2"
    ],
    "authorUsernames": [],
    "categories": [],
    "playableDevices": [],
    "extensionProperties": [],
    "platforms": [
      {
        "name": "GDevelop JS platform"
      }
    ],
    "currentPlatform": "GDevelop JS platform"
  },
  "resources": {
    "resources": [
      {
        "file": "assets/Flat dark joystick border.png",
        "kind": "image",
        "metadata": "",
        "name": "Flat dark joystick border.png",
        "smoothed": true,
        "userAdded": false,
        "origin": {
          "identifier": "https://asset-resources.gdevelop.io/public-resources/Multitouch joysticks/1db606cabd7372d1494ba5934bc25bcdd72f5a213c4a27509be57c3f4d5aecca_Flat dark joystick border.png",
          "name": "Flat dark joystick border.png"
        }
      },
      {
        "file": "assets/Flat dark joystick thumb.png",
        "kind": "image",
        "metadata": "",
        "name": "Flat dark joystick thumb.png",
        "smoothed": true,
        "userAdded": false,
        "origin": {
          "identifier": "https://asset-resources.gdevelop.io/public-resources/Multitouch joysticks/10167ade22c4a6b48324e6c1d1bd6dc74179d7bed0775890903f418b4a05c8a1_Flat dark joystick thumb.png",
          "name": "Flat dark joystick thumb.png"
        }
      },
      {
        "file": "assets/StartingPixelPlayer.png",
        "kind": "image",
        "metadata": "{\"localFilePath\":\"assets/StartingPixelPlayer.png\",\"extension\":\".png\"}",
        "name": "assets\\StartingPixelPlayer.png",
        "smoothed": false,
        "userAdded": false
      },
      {
        "file": "assets/StartingPixelGroundTilemap.png",
        "kind": "image",
        "metadata": "{\"localFilePath\":\"assets/StartingPixelGroundTilemap.png\",\"extension\":\".png\",\"pskl\":{}}",
        "name": "assets\\StartingPixelGroundTilemap.png",
        "smoothed": true,
        "userAdded": false
      },
      {
        "file": "assets/StartingPixelWall.png",
        "kind": "image",
        "metadata": "",
        "name": "assets\\StartingPixelWall.png",
        "smoothed": false,
        "userAdded": false
      },
      {
        "file": "assets/StartingPixelObstacle.png",
        "kind": "image",
        "metadata": "",
        "name": "assets\\StartingPixelObstacle.png",
        "smoothed": false,
        "userAdded": false
      },
      {
        "file": "assets/assets_StartingPixelGroundTilemap.png2.png",
        "kind": "image",
        "metadata": "{\"extension\":\".png\",\"pskl\":{},\"localFilePath\":\"assets/assets_StartingPixelGroundTilemap.png2.png\"}",
        "name": "assets\\StartingPixelGroundTilemap.png2",
        "smoothed": false,
        "userAdded": false
      },
      {
        "file": "assets/assets_StartingPixelGroundTilemap.png3.png",
        "kind": "image",
        "metadata": "{\"extension\":\".png\",\"pskl\":{},\"localFilePath\":\"assets/assets_StartingPixelGroundTilemap.png3.png\"}",
        "name": "assets\\StartingPixelGroundTilemap.png3",
        "smoothed": false,
        "userAdded": false
      },
      {
        "file": "assets/NewTiledSprite.png",
        "kind": "image",
        "metadata": "{\"extension\":\".png\",\"pskl\":{},\"localFilePath\":\"assets/NewTiledSprite.png\"}",
        "name": "NewTiledSprite",
        "smoothed": false,
        "userAdded": false
      },
      {
        "file": "assets/NewTiledSprite2.png",
        "kind": "image",
        "metadata": "{\"extension\":\".png\",\"pskl\":{},\"localFilePath\":\"assets/NewTiledSprite2.png\"}",
        "name": "NewTiledSprite2",
        "smoothed": false,
        "userAdded": false
      },
      {
        "file": "assets/NewSprite.png",
        "kind": "image",
        "metadata": "{\"extension\":\".png\",\"localFilePath\":\"assets/NewSprite.png\"}",
        "name": "NewSprite",
        "smoothed": false,
        "userAdded": false
      },
      {
        "file": "assets/NewSprite2.png",
        "kind": "image",
        "metadata": "{\"extension\":\".png\",\"localFilePath\":\"assets/NewSprite2.png\"}",
        "name": "NewSprite2",
        "smoothed": false,
        "userAdded": false
      },
      {
        "file": "assets/NewSprite3.png",
        "kind": "image",
        "metadata": "{\"extension\":\".png\"}",
        "name": "NewSprite3",
        "smoothed": false,
        "userAdded": false
      },
      {
        "file": "assets/NewSprite4.png",
        "kind": "image",
        "metadata": "{\"extension\":\".png\",\"localFilePath\":\"assets/NewSprite4.png\"}",
        "name": "NewSprite4",
        "smoothed": false,
        "userAdded": false
      },
      {
        "file": "assets/FloorWallColor.png",
        "kind": "image",
        "metadata": "{\"extension\":\".png\",\"pskl\":{},\"localFilePath\":\"assets/FloorWallColor.png\"}",
        "name": "FloorWallColor",
        "smoothed": false,
        "userAdded": false
      },
      {
        "file": "assets/SkyColor.png",
        "kind": "image",
        "metadata": "{\"extension\":\".png\",\"pskl\":{}}",
        "name": "SkyColor",
        "smoothed": false,
        "userAdded": false
      },
      {
        "file": "assets/assets_StartingPixelPlayer.png",
        "kind": "image",
        "metadata": "{\"extension\":\".png\"}",
        "name": "assets\\StartingPixelPlayer",
        "smoothed": false,
        "userAdded": false
      },
      {
        "file": "assets/NewSprite5.png",
        "kind": "image",
        "metadata": "{\"extension\":\".png\"}",
        "name": "NewSprite5",
        "smoothed": false,
        "userAdded": false
      },
      {
        "file": "assets/clownfish-vibrant-small-marine-fish-600nw-2488428137.webp",
        "kind": "image",
        "metadata": "",
        "name": "assets\\clownfish-vibrant-small-marine-fish-600nw-2488428137.webp",
        "smoothed": false,
        "userAdded": false
      },
      {
        "file": "assets/dory_friend.webp",
        "kind": "image",
        "metadata": "",
        "name": "assets\\dory_friend.webp",
        "smoothed": false,
        "userAdded": false
      },
      {
        "file": "assets/shark_enemy.webp",
        "kind": "image",
        "metadata": "",
        "name": "assets\\shark_enemy.webp",
        "smoothed": false,
        "userAdded": false
      },
      {
        "file": "assets/shark_enemy_1.webp",
        "kind": "image",
        "metadata": "",
        "name": "assets\\shark_enemy_1.webp",
        "smoothed": false,
        "userAdded": false
      },
      {
        "file": "assets/shark_enemy_2.webp",
        "kind": "image",
        "metadata": "",
        "name": "assets\\shark_enemy_2.webp",
        "smoothed": false,
        "userAdded": false
      },
      {
        "file": "assets/shark_enemy_3.webp",
        "kind": "image",
        "metadata": "",
        "name": "assets\\shark_enemy_3.webp",
        "smoothed": false,
        "userAdded": false
      },
      {
        "file": "assets/Kenney Blocks.ttf",
        "kind": "font",
        "metadata": "",
        "name": "b6fd0cb2a1206afe3882f0187839aac780734a091c5e6c57ee25c84acdc1a499_Kenney Blocks.ttf",
        "userAdded": false,
        "origin": {
          "identifier": "https://asset-resources.gdevelop.io/public-resources/Kenney Font Pack/b6fd0cb2a1206afe3882f0187839aac780734a091c5e6c57ee25c84acdc1a499_Kenney Blocks.ttf",
          "name": "gdevelop-asset-store"
        }
      },
      {
        "file": "assets/wall.webp",
        "kind": "image",
        "metadata": "",
        "name": "assets\\wall.webp",
        "smoothed": false,
        "userAdded": false
      },
      {
        "file": "assets/wall.png",
        "kind": "image",
        "metadata": "",
        "name": "assets\\wall.png",
        "smoothed": false,
        "userAdded": false
      },
      {
        "file": "water_ambience.wav",
        "kind": "audio",
        "metadata": "",
        "name": "water_ambience.wav",
        "preloadAsMusic": false,
        "preloadAsSound": false,
        "preloadInCache": false,
        "userAdded": false
      },
      {
        "file": "release.wav",
        "kind": "audio",
        "metadata": "",
        "name": "release.wav",
        "preloadAsMusic": false,
        "preloadAsSound": false,
        "preloadInCache": false,
        "userAdded": false
      },
      {
        "file": "death.wav",
        "kind": "audio",
        "metadata": "",
        "name": "death.wav",
        "preloadAsMusic": false,
        "preloadAsSound": false,
        "preloadInCache": false,
        "userAdded": false
      },
      {
        "file": "assets/end_screen.webp",
        "kind": "image",
        "metadata": "",
        "name": "assets\\end_screen.webp",
        "smoothed": false,
        "userAdded": false
      },
      {
        "file": "assets/restart_button.webp",
        "kind": "image",
        "metadata": "",
        "name": "assets\\restart_button.webp",
        "smoothed": false,
        "userAdded": false
      }
    ],
    "resourceFolders": []
  },
  "objects": [],
  "objectsFolderStructure": {
    "folderName": "__ROOT"
  },
  "objectsGroups": [],
  "variables": [],
  "layouts": [
    {
      "__REFERENCE_TO_SPLIT_OBJECT": true,
      "referenceTo": "/layouts/game-scene"
    }
  ],
  "externalEvents": [],
  "eventsFunctionsExtensions": [
    {
      "__REFERENCE_TO_SPLIT_OBJECT": true,
      "referenceTo": "/eventsFunctionsExtensions/spritemultitouchjoystick"
    },
    {
      "__REFERENCE_TO_SPLIT_OBJECT": true,
      "referenceTo": "/eventsFunctionsExtensions/smoothcamera"
    }
  ],
  "externalLayouts": []
}