{
  "b": 255,
  "disableInputWhenNotFocused": true,
  "mangledName": "Game_32Scene",
  "name": "Game Scene",
  "r": 200,
  "standardSortMethod": true,
  "stopSoundsOnStartup": true,
  "title": "",
  "v": 234,
  "uiSettings": {
    "grid": false,
    "gridType": "rectangular",
    "gridWidth": 32,
    "gridHeight": 32,
    "gridOffsetX": 0,
    "gridOffsetY": 0,
    "gridColor": 10401023,
    "gridAlpha": 0.8,
    "snap": false,
    "zoomFactor": 1.29529165512363,
    "windowMask": false,
    "selectedLayer": ""
  },
  "objectsGroups": [],
  "variables": [],
  "instances": [
    {
      "angle": 0,
      "customSize": false,
      "height": 0,
      "keepRatio": true,
      "layer": "",
      "name": "MainFish",
      "persistentUuid": "ebd4e918-fdc8-4c06-baef-2e0f46c2cfd5",
      "width": 0,
      "x": 435,
      "y": 361,
      "zOrder": 5,
      "numberProperties": [],
      "stringProperties": [],
      "initialVariables": []
    },
    {
      "angle": 0,
      "customSize": true,
      "depth": 0,
      "height": 416,
      "layer": "",
      "locked": true,
      "name": "Background_Tilemap",
      "persistentUuid": "140c37d7-fd0a-4882-83ed-142e8f549ba8",
      "width": 10000,
      "x": 288,
      "y": 160,
      "zOrder": -2,
      "numberProperties": [],
      "stringProperties": [
        {
          "name": "tilemap",
          "value": "{\"tileWidth\":32,\"tileHeight\":32,\"dimX\":22,\"dimY\":13,\"layers\":[{\"id\":0,\"alpha\":1,\"tiles\":[[0,0,0,0,0,0,0,0,0,0,0,0,0,0,0,0,0,0,0,0,0,0],[0,0,0,0,0,0,0,0,0,0,0,0,0,0,0,0,0,0,0,0,0,0],[0,0,0,0,0,0,0,0,0,0,0,0,0,0,0,0,0,0,0,0,0,0],[0,0,0,0,0,0,0,0,0,0,0,0,0,0,0,0,0,0,0,0,0,0],[0,0,0,0,0,0,0,0,0,0,0,0,0,0,0,0,0,0,0,0,0,0],[0,0,0,0,0,0,0,0,0,0,0,0,0,0,0,0,0,0,0,0,0,0],[0,0,0,0,0,0,0,0,0,0,0,0,0,0,0,0,0,0,0,0,0,0],[0,0,0,0,0,0,0,0,0,0,0,0,0,0,0,0,0,0,0,0,0,0],[0,0,0,0,0,0,0,0,0,0,0,0,0,0,0,0,0,0,0,0,0,0],[0,0,0,0,0,0,0,0,0,0,0,0,0,0,0,0,0,0,0,0,0,0],[0,0,0,0,0,0,0,0,0,0,0,0,0,0,0,0,0,0,0,0,0,0],[0,0,0,0,0,0,0,0,0,0,0,0,0,0,0,0,0,0,0,0,0,0],[0,0,0,0,0,0,0,0,0,0,0,0,0,0,0,0,0,0,0,0,0,0]]}]}"
        }
      ],
      "initialVariables": []
    },
    {
      "angle": 0,
      "customSize": false,
      "height": 0,
      "keepRatio": true,
      "layer": "MobileControls",
      "name": "Joystick",
      "persistentUuid": "b0c31bb4-0add-4dda-9367-c5136e4b118d",
      "width": 0,
      "x": 176,
      "y": 576,
      "zOrder": 4,
      "numberProperties": [],
      "stringProperties": [],
      "initialVariables": []
    },
    {
      "angle": 0,
      "customSize": true,
      "depth": 1,
      "height": 416,
      "layer": "",
      "name": "FloorWall",
      "persistentUuid": "319dd267-a92f-4df6-ad03-01f8a13dc0ac",
      "width": 387,
      "x": -39,
      "y": 160,
      "zOrder": 5,
      "numberProperties": [],
      "stringProperties": [],
      "initialVariables": []
    },
    {
      "angle": 0,
      "customSize": true,
      "depth": 3,
      "height": 200,
      "layer": "",
      "name": "FloorWall",
      "persistentUuid": "217c3ce9-0ac7-4a36-a94f-965e6bbfd646",
      "width": 10326,
      "x": -38,
      "y": 484,
      "zOrder": 6,
      "numberProperties": [],
      "stringProperties": [],
      "initialVariables": []
    },
    {
      "angle": 0,
      "customSize": true,
      "depth": 0,
      "height": 324,
      "keepRatio": true,
      "layer": "",
      "name": "Hidden",
      "persistentUuid": "59ba5f3a-87e6-40b2-ab36-00f175956acb",
      "width": 324,
      "x": 744,
      "y": 160,
      "zOrder": -1,
      "numberProperties": [],
      "stringProperties": [],
      "initialVariables": []
    },
    {
      "angle": 0,
      "customSize": false,
      "height": 0,
      "keepRatio": true,
      "layer": "",
      "name": "Sky",
      "persistentUuid": "bd2f0c2f-b9d0-4c74-b635-119cb093b499",
      "width": 0,
      "x": 1090,
      "y": -123,
      "zOrder": 7,
      "numberProperties": [],
      "stringProperties": [],
      "initialVariables": []
    },
    {
      "angle": 0,
      "customSize": true,
      "depth": 0,
      "height": 200,
      "layer": "",
      "name": "Sky",
      "persistentUuid": "f93cb962-9a7c-4bc3-8fb5-2e9f22d89776",
      "width": 10326,
      "x": -38,
      "y": -41,
      "zOrder": 8,
      "numberProperties": [],
      "stringProperties": [],
      "initialVariables": []
    },
    {
      "angle": 0,
      "customSize": true,
      "depth": 2,
      "height": 115,
      "keepRatio": true,
      "layer": "UI",
      "name": "FishFriendCount",
      "persistentUuid": "fe4d64a0-bfde-4379-a68e-91dcf17a94c0",
      "width": 424,
      "x": 855,
      "y": 17,
      "zOrder": 9,
      "numberProperties": [],
      "stringProperties": [],
      "initialVariables": []
    },
    {
      "angle": 0,
      "customSize": true,
      "depth": 1,
      "height": 32,
      "keepRatio": true,
      "layer": "",
      "name": "FloorWall",
      "persistentUuid": "1681d192-60a9-42d8-9c54-4f7a598399ce",
      "width": 32,
      "x": 348,
      "y": 160,
      "zOrder": 10,
      "numberProperties": [],
      "stringProperties": [],
      "initialVariables": []
    }
  ],
  "objects": [
    {
      "adaptCollisionMaskAutomatically": false,
      "assetStoreId": "",
      "name": "MainFish",
      "type": "Sprite",
      "updateIfNotVisible": false,
      "variables": [
        {
          "name": "isFacingRight",
          "type": "boolean",
          "value": true
        },
        {
          "name": "netsReleased",
          "type": "number",
          "value": 0
        }
      ],
      "effects": [],
      "behaviors": [
        {
          "name": "SmoothCamera",
          "type": "SmoothCamera::SmoothCamera",
          "LeftwardSpeed": 0.99,
          "RightwardSpeed": 0.99,
          "UpwardSpeed": 0.99,
          "DownwardSpeed": 0.99,
          "FollowOnX": true,
          "FollowOnY": true,
          "FollowFreeAreaLeft": 0,
          "FollowFreeAreaRight": 0,
          "FollowFreeAreaTop": 0,
          "FollowFreeAreaBottom": 0,
          "CameraOffsetX": 0,
          "CameraOffsetY": 0,
          "CameraDelay": 0,
          "ForecastTime": 0,
          "ForecastHistoryDuration": 0,
          "LogLeftwardSpeed": 2.0247e-320,
          "LogRightwardSpeed": 2.0247e-320,
          "LogDownwardSpeed": 2.0247e-320,
          "LogUpwardSpeed": 2.0247e-320,
          "DelayedCenterX": 2.0247e-320,
          "DelayedCenterY": 2.0247e-320,
          "ForecastHistoryMeanX": 2.0247e-320,
          "ForecastHistoryMeanY": 2.0247e-320,
          "ForecastHistoryVarianceX": 2.0247e-320,
          "ForecastHistoryCovariance": 2.0247e-320,
          "ForecastHistoryLinearA": 2.0247e-320,
          "ForecastHistoryLinearB": 2.0247e-320,
          "ForecastedX": 2.0247e-320,
          "ForecastedY": 2.0247e-320,
          "ProjectedNewestX": 2.0247e-320,
          "ProjectedNewestY": 2.0247e-320,
          "ProjectedOldestX": 2.0247e-320,
          "ProjectedOldestY": 2.0247e-320,
          "ForecastHistoryVarianceY": 2.0247e-320,
          "Index": 2.0247e-320,
          "CameraDelayCatchUpSpeed": 0,
          "CameraExtraDelay": 2.0247e-320,
          "WaitingSpeedXMax": 2.0247e-320,
          "WaitingSpeedYMax": 2.0247e-320,
          "WaitingEnd": 2.0247e-320,
          "CameraDelayCatchUpDuration": 2.0247e-320,
          "LeftwardSpeedMax": 9000,
          "RightwardSpeedMax": 9000,
          "UpwardSpeedMax": 9000,
          "DownwardSpeedMax": 9000,
          "OldX": 9000.000000007454,
          "OldY": 9000.000000007454,
          "IsCalledManually": false
        },
        {
          "name": "TopDownMovement",
          "type": "TopDownMovementBehavior::TopDownMovementBehavior",
          "acceleration": 450,
          "angularMaxSpeed": 150,
          "deceleration": 900,
          "maxSpeed": 125,
          "rotateObject": false,
          "allowDiagonals": true,
          "angleOffset": 0,
          "customIsometryAngle": 30,
          "ignoreDefaultControls": false,
          "movementAngleOffset": 0,
          "viewpoint": "TopDown"
        },
        {
          "name": "TopDownMultitouchMapper",
          "type": "SpriteMultitouchJoystick::TopDownMultitouchMapper",
          "TopDownMovement": "TopDownMovement",
          "ControllerIdentifier": 1,
          "JoystickIdentifier": "Primary",
          "StickMode": "Analog"
        }
      ],
      "animations": [
        {
          "name": "assets\\StartingPixelPlayer",
          "useMultipleDirections": false,
          "directions": [
            {
              "looping": false,
              "metadata": "{\"pskl\":{}}",
              "timeBetweenFrames": 0.08,
              "sprites": [
                {
                  "hasCustomCollisionMask": true,
                  "image": "assets\\StartingPixelPlayer.png",
                  "points": [],
                  "originPoint": {
                    "name": "origine",
                    "x": 0,
                    "y": 0
                  },
                  "centerPoint": {
                    "automatic": true,
                    "name": "centre",
                    "x": 0,
                    "y": 0
                  },
                  "customCollisionMask": [
                    [
                      {
                        "x": 0,
                        "y": 3
                      },
                      {
                        "x": 28.5,
                        "y": 7
                      },
                      {
                        "x": 32,
                        "y": 10
                      },
                      {
                        "x": 32,
                        "y": 22
                      },
                      {
                        "x": 28.5,
                        "y": 25
                      },
                      {
                        "x": 0,
                        "y": 29
                      }
                    ]
                  ]
                },
                {
                  "hasCustomCollisionMask": true,
                  "image": "assets\\clownfish-vibrant-small-marine-fish-600nw-2488428137.webp",
                  "points": [],
                  "originPoint": {
                    "name": "origine",
                    "x": 0,
                    "y": 0
                  },
                  "centerPoint": {
                    "automatic": true,
                    "name": "centre",
                    "x": 0,
                    "y": 0
                  },
                  "customCollisionMask": [
                    [
                      {
                        "x": 0,
                        "y": 3
                      },
                      {
                        "x": 28.5,
                        "y": 7
                      },
                      {
                        "x": 32,
                        "y": 10
                      },
                      {
                        "x": 32,
                        "y": 22
                      },
                      {
                        "x": 28.5,
                        "y": 25
                      },
                      {
                        "x": 0,
                        "y": 29
                      }
                    ]
                  ]
                }
              ]
            }
          ]
        }
      ]
    },
    {
      "assetStoreId": "",
      "name": "Background_Tilemap",
      "type": "TileMap::SimpleTileMap",
      "variables": [],
      "effects": [],
      "behaviors": [],
      "content": {
        "atlasImage": "assets\\StartingPixelGroundTilemap.png3",
        "rowCount": 3,
        "columnCount": 3,
        "tileSize": 32,
        "tilesWithHitBox": "3"
      }
    },
    {
      "assetStoreId": "",
      "height": 32,
      "name": "Wall",
      "texture": "assets\\StartingPixelWall.png",
      "type": "TiledSpriteObject::TiledSprite",
      "width": 32,
      "variables": [],
      "effects": [],
      "behaviors": []
    },
    {
      "adaptCollisionMaskAutomatically": false,
      "assetStoreId": "",
      "name": "Plant",
      "type": "Sprite",
      "updateIfNotVisible": false,
      "variables": [],
      "effects": [],
      "behaviors": [],
      "animations": [
        {
          "name": "",
          "useMultipleDirections": false,
          "directions": [
            {
              "looping": false,
              "timeBetweenFrames": 0.08,
              "sprites": [
                {
                  "hasCustomCollisionMask": true,
                  "image": "assets\\StartingPixelObstacle.png",
                  "points": [],
                  "originPoint": {
                    "name": "origine",
                    "x": 0,
                    "y": 0
                  },
                  "centerPoint": {
                    "automatic": true,
                    "name": "centre",
                    "x": 0,
                    "y": 0
                  },
                  "customCollisionMask": [
                    [
                      {
                        "x": 0,
                        "y": 16
                      },
                      {
                        "x": 4,
                        "y": 4
                      },
                      {
                        "x": 16,
                        "y": 0
                      },
                      {
                        "x": 28,
                        "y": 4
                      },
                      {
                        "x": 32,
                        "y": 16
                      },
                      {
                        "x": 28,
                        "y": 28
                      },
                      {
                        "x": 16,
                        "y": 32
                      },
                      {
                        "x": 4,
                        "y": 28
                      }
                    ]
                  ]
                }
              ]
            }
          ]
        }
      ]
    },
    {
      "assetStoreId": "e71bd69f896d6c7531b48c65ceb5da25071d4fbdeb518aeceecba8d21f34ed8d",
      "name": "Joystick",
      "type": "SpriteMultitouchJoystick::SpriteMultitouchJoystick",
      "variant": "",
      "variables": [],
      "effects": [],
      "behaviors": [],
      "content": {},
      "childrenContent": {
        "Border": {
          "adaptCollisionMaskAutomatically": false,
          "updateIfNotVisible": false,
          "animations": [
            {
              "name": "Idle",
              "useMultipleDirections": false,
              "directions": [
                {
                  "looping": false,
                  "timeBetweenFrames": 0.08,
                  "sprites": [
                    {
                      "hasCustomCollisionMask": false,
                      "image": "Flat dark joystick border.png",
                      "points": [],
                      "originPoint": {
                        "name": "origine",
                        "x": 0,
                        "y": 0
                      },
                      "centerPoint": {
                        "automatic": true,
                        "name": "centre",
                        "x": 0,
                        "y": 0
                      },
                      "customCollisionMask": []
                    }
                  ]
                }
              ]
            }
          ]
        },
        "Thumb": {
          "adaptCollisionMaskAutomatically": false,
          "updateIfNotVisible": false,
          "animations": [
            {
              "name": "Idle",
              "useMultipleDirections": false,
              "directions": [
                {
                  "looping": false,
                  "timeBetweenFrames": 0.08,
                  "sprites": [
                    {
                      "hasCustomCollisionMask": false,
                      "image": "Flat dark joystick thumb.png",
                      "points": [],
                      "originPoint": {
                        "name": "origine",
                        "x": 0,
                        "y": 0
                      },
                      "centerPoint": {
                        "automatic": true,
                        "name": "centre",
                        "x": 0,
                        "y": 0
                      },
                      "customCollisionMask": []
                    }
                  ]
                }
              ]
            }
          ]
        }
      }
    },
    {
      "assetStoreId": "",
      "height": 32,
      "name": "FloorWall",
      "texture": "assets\\wall.webp",
      "type": "TiledSpriteObject::TiledSprite",
      "width": 32,
      "variables": [],
      "effects": [],
      "behaviors": []
    },
    {
      "adaptCollisionMaskAutomatically": false,
      "assetStoreId": "",
      "name": "Hidden",
      "type": "Sprite",
      "updateIfNotVisible": false,
      "variables": [],
      "effects": [],
      "behaviors": [
        {
          "name": "Tween",
          "type": "Tween::TweenBehavior"
        }
      ],
      "animations": [
        {
          "name": "HiddenWall",
          "useMultipleDirections": false,
          "directions": [
            {
              "looping": false,
              "metadata": "{\"pskl\":{}}",
              "timeBetweenFrames": 0.08,
              "sprites": [
                {
                  "hasCustomCollisionMask": true,
                  "image": "NewSprite4",
                  "points": [],
                  "originPoint": {
                    "name": "origine",
                    "x": 0,
                    "y": 0
                  },
                  "centerPoint": {
                    "automatic": true,
                    "name": "centre",
                    "x": 0,
                    "y": 0
                  },
                  "customCollisionMask": [
                    [
                      {
                        "x": 7.5,
                        "y": 0
                      },
                      {
                        "x": 64,
                        "y": 0
                      },
                      {
                        "x": 64,
                        "y": 64
                      },
                      {
                        "x": 8.5,
                        "y": 64
                      }
                    ],
                    [
                      {
                        "x": 2.5,
                        "y": 0
                      },
                      {
                        "x": 7.5,
                        "y": 0
                      },
                      {
                        "x": 8,
                        "y": 23
                      }
                    ],
                    [
                      {
                        "x": 8,
                        "y": 41.5
                      },
                      {
                        "x": 8.5,
                        "y": 64
                      },
                      {
                        "x": 2,
                        "y": 64
                      }
                    ]
                  ]
                }
              ]
            }
          ]
        }
      ]
    },
    {
      "assetStoreId": "",
      "height": 32,
      "name": "Sky",
      "texture": "SkyColor",
      "type": "TiledSpriteObject::TiledSprite",
      "width": 32,
      "variables": [],
      "effects": [],
      "behaviors": []
    },
    {
      "adaptCollisionMaskAutomatically": false,
      "assetStoreId": "",
      "name": "FriendFish",
      "type": "Sprite",
      "updateIfNotVisible": false,
      "variables": [
        {
          "name": "isFacingRight",
          "type": "boolean",
          "value": true
        },
        {
          "name": "isFriend",
          "type": "boolean",
          "value": false
        },
        {
          "name": "surroundX",
          "type": "number",
          "value": 0
        },
        {
          "name": "surroundY",
          "type": "number",
          "value": 0
        }
      ],
      "effects": [],
      "behaviors": [
        {
          "name": "Tween",
          "type": "Tween::TweenBehavior"
        }
      ],
      "animations": [
        {
          "name": "assets\\StartingPixelPlayer",
          "useMultipleDirections": false,
          "directions": [
            {
              "looping": false,
              "metadata": "{\"pskl\":{}}",
              "timeBetweenFrames": 0.01,
              "sprites": [
                {
                  "hasCustomCollisionMask": true,
                  "image": "assets\\StartingPixelPlayer",
                  "points": [],
                  "originPoint": {
                    "name": "origine",
                    "x": 0,
                    "y": 0
                  },
                  "centerPoint": {
                    "automatic": true,
                    "name": "centre",
                    "x": 0,
                    "y": 0
                  },
                  "customCollisionMask": [
                    [
                      {
                        "x": 1,
                        "y": 10
                      },
                      {
                        "x": 28,
                        "y": 10
                      },
                      {
                        "x": 30,
                        "y": 12
                      },
                      {
                        "x": 30,
                        "y": 20
                      },
                      {
                        "x": 28.5,
                        "y": 22
                      },
                      {
                        "x": 1,
                        "y": 23.5
                      }
                    ]
                  ]
                },
                {
                  "hasCustomCollisionMask": true,
                  "image": "assets\\dory_friend.webp",
                  "points": [],
                  "originPoint": {
                    "name": "origine",
                    "x": 0,
                    "y": 0
                  },
                  "centerPoint": {
                    "automatic": true,
                    "name": "centre",
                    "x": 0,
                    "y": 0
                  },
                  "customCollisionMask": [
                    [
                      {
                        "x": 1,
                        "y": 10
                      },
                      {
                        "x": 28,
                        "y": 10
                      },
                      {
                        "x": 30,
                        "y": 12
                      },
                      {
                        "x": 30,
                        "y": 20
                      },
                      {
                        "x": 28.5,
                        "y": 22
                      },
                      {
                        "x": 1,
                        "y": 23.5
                      }
                    ]
                  ]
                }
              ]
            }
          ]
        }
      ]
    },
    {
      "adaptCollisionMaskAutomatically": false,
      "assetStoreId": "",
      "name": "Net",
      "type": "Sprite",
      "updateIfNotVisible": false,
      "variables": [
        {
          "name": "numFish",
          "type": "number",
          "value": 0
        },
        {
          "name": "numSpawnedFish",
          "type": "number",
          "value": -1
        },
        {
          "name": "wasReleased",
          "type": "boolean",
          "value": false
        },
        {
          "name": "isPlacedToRight",
          "type": "number",
          "value": 0
        }
      ],
      "effects": [],
      "behaviors": [],
      "animations": [
        {
          "name": "NewSprite",
          "useMultipleDirections": false,
          "directions": [
            {
              "looping": false,
              "metadata": "{\"pskl\":{}}",
              "timeBetweenFrames": 0.08,
              "sprites": [
                {
                  "hasCustomCollisionMask": true,
                  "image": "NewSprite5",
                  "points": [],
                  "originPoint": {
                    "name": "origine",
                    "x": 0,
                    "y": 0
                  },
                  "centerPoint": {
                    "automatic": true,
                    "name": "centre",
                    "x": 0,
                    "y": 0
                  },
                  "customCollisionMask": [
                    [
                      {
                        "x": 12.5,
                        "y": 42.5
                      },
                      {
                        "x": 15.5,
                        "y": 30.5
                      },
                      {
                        "x": 37,
                        "y": 10
                      },
                      {
                        "x": 53,
                        "y": 38
                      },
                      {
                        "x": 50,
                        "y": 52
                      },
                      {
                        "x": 40,
                        "y": 58.5
                      },
                      {
                        "x": 23,
                        "y": 55
                      }
                    ]
                  ]
                }
              ]
            }
          ]
        }
      ]
    },
    {
      "adaptCollisionMaskAutomatically": true,
      "assetStoreId": "",
      "name": "Shark",
      "type": "Sprite",
      "updateIfNotVisible": false,
      "variables": [
        {
          "name": "isAggressive",
          "type": "boolean",
          "value": false
        },
        {
          "name": "chaseSpeed",
          "type": "number",
          "value": 100
        },
        {
          "name": "isDone",
          "type": "boolean",
          "value": false
        }
      ],
      "effects": [],
      "behaviors": [
        {
          "name": "Tween",
          "type": "Tween::TweenBehavior"
        }
      ],
      "animations": [
        {
          "name": "",
          "useMultipleDirections": false,
          "directions": [
            {
              "looping": true,
              "timeBetweenFrames": 0.08,
              "sprites": [
                {
                  "hasCustomCollisionMask": true,
                  "image": "assets\\shark_enemy_1.webp",
                  "points": [],
                  "originPoint": {
                    "name": "origine",
                    "x": 0,
                    "y": 0
                  },
                  "centerPoint": {
                    "automatic": true,
                    "name": "centre",
                    "x": 0,
                    "y": 0
                  },
                  "customCollisionMask": [
                    [
                      {
                        "x": 3,
                        "y": 10
                      },
                      {
                        "x": 63,
                        "y": 10
                      },
                      {
                        "x": 63,
                        "y": 59
                      },
                      {
                        "x": 3,
                        "y": 59
                      }
                    ]
                  ]
                },
                {
                  "hasCustomCollisionMask": true,
                  "image": "assets\\shark_enemy_2.webp",
                  "points": [],
                  "originPoint": {
                    "name": "origine",
                    "x": 0,
                    "y": 0
                  },
                  "centerPoint": {
                    "automatic": true,
                    "name": "centre",
                    "x": 0,
                    "y": 0
                  },
                  "customCollisionMask": [
                    [
                      {
                        "x": 3,
                        "y": 10
                      },
                      {
                        "x": 63,
                        "y": 10
                      },
                      {
                        "x": 63,
                        "y": 59
                      },
                      {
                        "x": 3,
                        "y": 59
                      }
                    ]
                  ]
                },
                {
                  "hasCustomCollisionMask": true,
                  "image": "assets\\shark_enemy_1.webp",
                  "points": [],
                  "originPoint": {
                    "name": "origine",
                    "x": 0,
                    "y": 0
                  },
                  "centerPoint": {
                    "automatic": true,
                    "name": "centre",
                    "x": 0,
                    "y": 0
                  },
                  "customCollisionMask": [
                    [
                      {
                        "x": 3,
                        "y": 10
                      },
                      {
                        "x": 63,
                        "y": 10
                      },
                      {
                        "x": 63,
                        "y": 59
                      },
                      {
                        "x": 3,
                        "y": 59
                      }
                    ]
                  ]
                },
                {
                  "hasCustomCollisionMask": true,
                  "image": "assets\\shark_enemy_3.webp",
                  "points": [],
                  "originPoint": {
                    "name": "origine",
                    "x": 0,
                    "y": 0
                  },
                  "centerPoint": {
                    "automatic": true,
                    "name": "centre",
                    "x": 0,
                    "y": 0
                  },
                  "customCollisionMask": [
                    [
                      {
                        "x": 3,
                        "y": 10
                      },
                      {
                        "x": 63,
                        "y": 10
                      },
                      {
                        "x": 63,
                        "y": 59
                      },
                      {
                        "x": 3,
                        "y": 59
                      }
                    ]
                  ]
                }
              ]
            }
          ]
        }
      ]
    },
    {
      "assetStoreId": "",
      "name": "FishFriendCount",
      "type": "BBText::BBText",
      "variables": [
        {
          "name": "Score",
          "type": "number",
          "value": 0
        }
      ],
      "effects": [],
      "behaviors": [],
      "content": {
        "text": "Friends: 0",
        "opacity": 255,
        "fontSize": 48,
        "visible": true,
        "color": "0;0;0",
        "fontFamily": "b6fd0cb2a1206afe3882f0187839aac780734a091c5e6c57ee25c84acdc1a499_Kenney Blocks.ttf",
        "align": "left",
        "verticalTextAlignment": "top"
      }
    }
  ],
  "objectsFolderStructure": {
    "folderName": "__ROOT",
    "children": [
      {
        "objectName": "MainFish"
      },
      {
        "objectName": "Net"
      },
      {
        "objectName": "FriendFish"
      },
      {
        "objectName": "FishFriendCount"
      },
      {
        "objectName": "Shark"
      },
      {
        "objectName": "Background_Tilemap"
      },
      {
        "objectName": "FloorWall"
      },
      {
        "objectName": "Sky"
      },
      {
        "objectName": "Hidden"
      },
      {
        "objectName": "Wall"
      },
      {
        "objectName": "Plant"
      },
      {
        "folderName": "Mobile Controls",
        "children": [
          {
            "objectName": "Joystick"
          }
        ]
      }
    ]
  },
  "events": [
    {
      "type": "BuiltinCommonInstructions::Standard",
      "conditions": [
        {
          "type": {
            "value": "DepartScene"
          },
          "parameters": [
            ""
          ]
        }
      ],
      "actions": [
        {
          "type": {
            "value": "ZoomCamera"
          },
          "parameters": [
            "",
            "2",
            "",
            ""
          ]
        },
        {
          "type": {
            "value": "Create"
          },
          "parameters": [
            "",
            "Net",
            "MainFish.X() + RandomInRange(-40, 40)",
            "420",
            ""
          ]
        },
        {
          "type": {
            "value": "SetNumberObjectVariable"
          },
          "parameters": [
            "Net",
            "numFish",
            "=",
            "3"
          ]
        },
        {
          "type": {
            "value": "PlaySound"
          },
          "parameters": [
            "",
            "water_ambience.wav",
            "yes",
            "50",
            ""
          ]
        }
      ]
    },
    {
      "type": "BuiltinCommonInstructions::Comment",
      "color": {
        "b": 109,
        "g": 230,
        "r": 255,
        "textB": 0,
        "textG": 0,
        "textR": 0
      },
      "comment": "Player controls"
    },
    {
      "type": "BuiltinCommonInstructions::Standard",
      "conditions": [],
      "actions": [
        {
          "type": {
            "value": "SeparateFromObjects"
          },
          "parameters": [
            "MainFish",
            "Wall",
            ""
          ]
        },
        {
          "type": {
            "value": "SeparateFromObjects"
          },
          "parameters": [
            "MainFish",
            "Plant",
            ""
          ]
        },
        {
          "type": {
            "value": "SeparateFromObjects"
          },
          "parameters": [
            "MainFish",
            "FloorWall",
            ""
          ]
        },
        {
          "type": {
            "value": "SeparateFromObjects"
          },
          "parameters": [
            "MainFish",
            "Hidden",
            ""
          ]
        },
        {
          "type": {
            "value": "SeparateFromObjects"
          },
          "parameters": [
            "MainFish",
            "Sky",
            ""
          ]
        },
        {
          "type": {
            "value": "SetCameraCenterX"
          },
          "parameters": [
            "",
            "=",
            "MainFish.X()",
            "",
            ""
          ]
        },
        {
          "type": {
            "value": "SetCameraCenterY"
          },
          "parameters": [
            "",
            "=",
            "MainFish.Y()",
            "",
            ""
          ]
        }
      ]
    },
    {
      "type": "BuiltinCommonInstructions::Standard",
      "conditions": [
        {
          "type": {
            "value": "BuiltinCommonInstructions::Or"
          },
          "parameters": [],
          "subInstructions": [
            {
              "type": {
                "value": "KeyFromTextPressed"
              },
              "parameters": [
                "",
                "\"Right\""
              ]
            },
            {
              "type": {
                "value": "SpriteMultitouchJoystick::SpriteMultitouchJoystick::IsDirectionPushed8Way"
              },
              "parameters": [
                "Joystick",
                "\"DownRight\"",
                ""
              ]
            },
            {
              "type": {
                "value": "SpriteMultitouchJoystick::SpriteMultitouchJoystick::IsDirectionPushed8Way"
              },
              "parameters": [
                "Joystick",
                "\"UpRight\"",
                ""
              ]
            },
            {
              "type": {
                "value": "SpriteMultitouchJoystick::SpriteMultitouchJoystick::IsDirectionPushed8Way"
              },
              "parameters": [
                "Joystick",
                "\"Right\"",
                ""
              ]
            }
          ]
        }
      ],
      "actions": [
        {
          "type": {
            "value": "FlippableCapability::FlippableBehavior::FlipX"
          },
          "parameters": [
            "MainFish",
            "Flippable",
            "no"
          ]
        },
        {
          "type": {
            "value": "SetAngle"
          },
          "parameters": [
            "MainFish",
            "=",
            "0"
          ]
        }
      ]
    },
    {
      "type": "BuiltinCommonInstructions::Standard",
      "conditions": [
        {
          "type": {
            "value": "BuiltinCommonInstructions::Or"
          },
          "parameters": [],
          "subInstructions": [
            {
              "type": {
                "value": "KeyFromTextPressed"
              },
              "parameters": [
                "",
                "\"Left\""
              ]
            },
            {
              "type": {
                "value": "SpriteMultitouchJoystick::SpriteMultitouchJoystick::IsDirectionPushed8Way"
              },
              "parameters": [
                "Joystick",
                "\"DownLeft\"",
                ""
              ]
            },
            {
              "type": {
                "value": "SpriteMultitouchJoystick::SpriteMultitouchJoystick::IsDirectionPushed8Way"
              },
              "parameters": [
                "Joystick",
                "\"Left\"",
                ""
              ]
            },
            {
              "type": {
                "value": "SpriteMultitouchJoystick::SpriteMultitouchJoystick::IsDirectionPushed8Way"
              },
              "parameters": [
                "Joystick",
                "\"UpLeft\"",
                ""
              ]
            }
          ]
        }
      ],
      "actions": [
        {
          "type": {
            "value": "FlippableCapability::FlippableBehavior::FlipX"
          },
          "parameters": [
            "MainFish",
            "Flippable",
            "yes"
          ]
        },
        {
          "type": {
            "value": "SetAngle"
          },
          "parameters": [
            "MainFish",
            "=",
            "0"
          ]
        }
      ]
    },
    {
      "type": "BuiltinCommonInstructions::Standard",
      "conditions": [
        {
          "type": {
            "value": "BuiltinCommonInstructions::Or"
          },
          "parameters": [],
          "subInstructions": [
            {
              "type": {
                "value": "KeyFromTextPressed"
              },
              "parameters": [
                "",
                "\"Up\""
              ]
            },
            {
              "type": {
                "value": "SpriteMultitouchJoystick::SpriteMultitouchJoystick::IsDirectionPushed8Way"
              },
              "parameters": [
                "Joystick",
                "\"Up\"",
                ""
              ]
            }
          ]
        }
      ],
      "actions": [
        {
          "type": {
            "value": "SetAngle"
          },
          "parameters": [
            "MainFish",
            "=",
            "90"
          ]
        },
        {
          "type": {
            "value": "FlippableCapability::FlippableBehavior::FlipX"
          },
          "parameters": [
            "MainFish",
            "Flippable",
            "yes"
          ]
        }
      ]
    },
    {
      "type": "BuiltinCommonInstructions::Standard",
      "conditions": [
        {
          "type": {
            "value": "BuiltinCommonInstructions::Or"
          },
          "parameters": [],
          "subInstructions": [
            {
              "type": {
                "value": "KeyFromTextPressed"
              },
              "parameters": [
                "",
                "\"Down\""
              ]
            },
            {
              "type": {
                "value": "SpriteMultitouchJoystick::SpriteMultitouchJoystick::IsDirectionPushed8Way"
              },
              "parameters": [
                "Joystick",
                "\"Down\"",
                ""
              ]
            }
          ]
        }
      ],
      "actions": [
        {
          "type": {
            "value": "SetAngle"
          },
          "parameters": [
            "MainFish",
            "=",
            "-90"
          ]
        },
        {
          "type": {
            "value": "FlippableCapability::FlippableBehavior::FlipX"
          },
          "parameters": [
            "MainFish",
            "Flippable",
            "yes"
          ]
        }
      ]
    },
    {
      "type": "BuiltinCommonInstructions::Standard",
      "conditions": [
        {
          "type": {
            "value": "BuiltinCommonInstructions::Or"
          },
          "parameters": [],
          "subInstructions": [
            {
              "type": {
                "value": "BuiltinCommonInstructions::And"
              },
              "parameters": [],
              "subInstructions": [
                {
                  "type": {
                    "value": "KeyFromTextPressed"
                  },
                  "parameters": [
                    "",
                    "\"Right\""
                  ]
                },
                {
                  "type": {
                    "value": "KeyFromTextPressed"
                  },
                  "parameters": [
                    "",
                    "\"Up\""
                  ]
                }
              ]
            },
            {
              "type": {
                "value": "SpriteMultitouchJoystick::SpriteMultitouchJoystick::IsDirectionPushed8Way"
              },
              "parameters": [
                "Joystick",
                "\"UpRight\"",
                ""
              ]
            }
          ]
        }
      ],
      "actions": [
        {
          "type": {
            "value": "SetAngle"
          },
          "parameters": [
            "MainFish",
            "=",
            "-45"
          ]
        },
        {
          "type": {
            "value": "FlippableCapability::FlippableBehavior::FlipX"
          },
          "parameters": [
            "MainFish",
            "Flippable",
            "no"
          ]
        }
      ]
    },
    {
      "type": "BuiltinCommonInstructions::Standard",
      "conditions": [
        {
          "type": {
            "value": "BuiltinCommonInstructions::Or"
          },
          "parameters": [],
          "subInstructions": [
            {
              "type": {
                "value": "BuiltinCommonInstructions::And"
              },
              "parameters": [],
              "subInstructions": [
                {
                  "type": {
                    "value": "KeyFromTextPressed"
                  },
                  "parameters": [
                    "",
                    "\"Left\""
                  ]
                },
                {
                  "type": {
                    "value": "KeyFromTextPressed"
                  },
                  "parameters": [
                    "",
                    "\"Up\""
                  ]
                }
              ]
            },
            {
              "type": {
                "value": "SpriteMultitouchJoystick::SpriteMultitouchJoystick::IsDirectionPushed8Way"
              },
              "parameters": [
                "Joystick",
                "\"UpLeft\"",
                ""
              ]
            }
          ]
        }
      ],
      "actions": [
        {
          "type": {
            "value": "SetAngle"
          },
          "parameters": [
            "MainFish",
            "=",
            "45"
          ]
        },
        {
          "type": {
            "value": "FlippableCapability::FlippableBehavior::FlipX"
          },
          "parameters": [
            "MainFish",
            "Flippable",
            "yes"
          ]
        }
      ]
    },
    {
      "type": "BuiltinCommonInstructions::Standard",
      "conditions": [
        {
          "type": {
            "value": "BuiltinCommonInstructions::Or"
          },
          "parameters": [],
          "subInstructions": [
            {
              "type": {
                "value": "BuiltinCommonInstructions::And"
              },
              "parameters": [],
              "subInstructions": [
                {
                  "type": {
                    "value": "KeyFromTextPressed"
                  },
                  "parameters": [
                    "",
                    "\"Left\""
                  ]
                },
                {
                  "type": {
                    "value": "KeyFromTextPressed"
                  },
                  "parameters": [
                    "",
                    "\"Down\""
                  ]
                }
              ]
            },
            {
              "type": {
                "value": "SpriteMultitouchJoystick::SpriteMultitouchJoystick::IsDirectionPushed8Way"
              },
              "parameters": [
                "Joystick",
                "\"DownLeft\"",
                ""
              ]
            }
          ]
        }
      ],
      "actions": [
        {
          "type": {
            "value": "SetAngle"
          },
          "parameters": [
            "MainFish",
            "=",
            "-45"
          ]
        },
        {
          "type": {
            "value": "FlippableCapability::FlippableBehavior::FlipX"
          },
          "parameters": [
            "MainFish",
            "Flippable",
            "yes"
          ]
        }
      ]
    },
    {
      "type": "BuiltinCommonInstructions::Standard",
      "conditions": [
        {
          "type": {
            "value": "BuiltinCommonInstructions::Or"
          },
          "parameters": [],
          "subInstructions": [
            {
              "type": {
                "value": "BuiltinCommonInstructions::And"
              },
              "parameters": [],
              "subInstructions": [
                {
                  "type": {
                    "value": "KeyFromTextPressed"
                  },
                  "parameters": [
                    "",
                    "\"Right\""
                  ]
                },
                {
                  "type": {
                    "value": "KeyFromTextPressed"
                  },
                  "parameters": [
                    "",
                    "\"Down\""
                  ]
                }
              ]
            },
            {
              "type": {
                "value": "SpriteMultitouchJoystick::SpriteMultitouchJoystick::IsDirectionPushed8Way"
              },
              "parameters": [
                "Joystick",
                "\"DownRight\"",
                ""
              ]
            }
          ]
        }
      ],
      "actions": [
        {
          "type": {
            "value": "SetAngle"
          },
          "parameters": [
            "MainFish",
            "=",
            "45"
          ]
        },
        {
          "type": {
            "value": "FlippableCapability::FlippableBehavior::FlipX"
          },
          "parameters": [
            "MainFish",
            "Flippable",
            "no"
          ]
        }
      ]
    },
    {
      "type": "BuiltinCommonInstructions::Comment",
      "color": {
        "b": 109,
        "g": 230,
        "r": 255,
        "textB": 0,
        "textG": 0,
        "textR": 0
      },
      "comment": "Spawning"
    },
    {
      "type": "BuiltinCommonInstructions::Standard",
      "conditions": [
        {
          "type": {
            "value": "NumberObjectVariable"
          },
          "parameters": [
            "MainFish",
            "netsReleased",
            ">=",
            "1"
          ]
        },
        {
          "type": {
            "value": "BuiltinCommonInstructions::Once"
          },
          "parameters": []
        }
      ],
      "actions": [
        {
          "type": {
            "value": "ResetTimer"
          },
          "parameters": [
            "",
            "\"NetTimer\""
          ]
        }
      ]
    },
    {
      "type": "BuiltinCommonInstructions::Standard",
      "conditions": [
        {
          "type": {
            "value": "CompareTimer"
          },
          "parameters": [
            "",
            "\"NetTimer\"",
            ">=",
            "2"
          ]
        }
      ],
      "actions": [
        {
          "type": {
            "value": "Create"
          },
          "parameters": [
            "",
            "Net",
            "MainFish.X()",
            "200",
            ""
          ]
        },
        {
          "type": {
            "value": "ResetTimer"
          },
          "parameters": [
            "",
            "\"NetTimer\""
          ]
        },
        {
          "type": {
            "value": "SetNumberObjectVariable"
          },
          "parameters": [
            "Net",
            "numFish",
            "=",
            "RandomInRange(0, 1)"
          ]
        },
        {
          "type": {
            "value": "SetNumberObjectVariable"
          },
          "parameters": [
            "Net",
            "isPlacedToRight",
            "=",
            "RandomInRange(0, 1)"
          ]
        },
        {
          "type": {
            "value": "ChangePlan"
          },
          "parameters": [
            "Net",
            "=",
            "1"
          ]
        }
      ],
      "events": [
        {
          "type": "BuiltinCommonInstructions::Standard",
          "conditions": [
            {
              "type": {
                "value": "BuiltinCommonInstructions::Or"
              },
              "parameters": [],
              "subInstructions": [
                {
                  "type": {
                    "value": "NumberObjectVariable"
                  },
                  "parameters": [
                    "Net",
                    "isPlacedToRight",
                    "=",
                    "1"
                  ]
                }
              ]
            }
          ],
          "actions": [
            {
              "type": {
                "value": "MettreXY"
              },
              "parameters": [
                "Net",
                "=",
                "MainFish.X() + 75 + RandomInRange(-30, 30)",
                "=",
                "420"
              ]
            }
          ]
        },
        {
          "type": "BuiltinCommonInstructions::Standard",
          "conditions": [
            {
              "type": {
                "value": "BuiltinCommonInstructions::Or"
              },
              "parameters": [],
              "subInstructions": [
                {
                  "type": {
                    "value": "NumberObjectVariable"
                  },
                  "parameters": [
                    "Net",
                    "isPlacedToRight",
                    "=",
                    "0"
                  ]
                }
              ]
            }
          ],
          "actions": [
            {
              "type": {
                "value": "MettreXY"
              },
              "parameters": [
                "Net",
                "=",
                "MainFish.X() - 75 + RandomInRange(-30, 30)",
                "=",
                "420"
              ]
            }
          ]
        }
      ]
    },
    {
      "type": "BuiltinCommonInstructions::Standard",
      "conditions": [
        {
          "type": {
            "value": "CollisionNP"
          },
          "parameters": [
            "MainFish",
            "Net",
            "",
            "",
            ""
          ]
        },
        {
          "type": {
            "value": "NumberObjectVariable"
          },
          "parameters": [
            "Net",
            "numFish",
            ">",
            "0"
          ]
        },
        {
          "type": {
            "value": "NumberObjectVariable"
          },
          "parameters": [
            "Net",
            "numSpawnedFish",
            "=",
            "-1"
          ]
        }
      ],
      "actions": [
        {
          "type": {
            "value": "SetNumberObjectVariable"
          },
          "parameters": [
            "Net",
            "numSpawnedFish",
            "+",
            "2"
          ]
        },
        {
          "type": {
            "value": "Create"
          },
          "parameters": [
            "",
            "FriendFish",
            "Net.X() + RandomInRange(-10, 25)",
            "Net.Y() + RandomInRange(-3, 15)",
            ""
          ]
        },
        {
          "type": {
            "value": "SetBooleanObjectVariable"
          },
          "parameters": [
            "Net",
            "wasReleased",
            "True",
            ""
          ]
        },
        {
          "type": {
            "value": "ChangePlan"
          },
          "parameters": [
            "FriendFish",
            "=",
            "2"
          ]
        },
        {
          "type": {
            "value": "SetNumberObjectVariable"
          },
          "parameters": [
            "MainFish",
            "netsReleased",
            "+",
            "1"
          ]
        },
        {
          "type": {
            "value": "PlaySound"
          },
          "parameters": [
            "",
            "release.wav",
            "",
            "75",
            ""
          ]
        }
      ]
    },
    {
      "type": "BuiltinCommonInstructions::Standard",
      "conditions": [
        {
          "type": {
            "value": "NumberObjectVariable"
          },
          "parameters": [
            "Net",
            "numFish",
            ">",
            "0"
          ]
        },
        {
          "type": {
            "value": "NumberObjectVariable"
          },
          "parameters": [
            "Net",
            "numSpawnedFish",
            "<",
            "Net.numFish"
          ]
        },
        {
          "type": {
            "value": "BooleanObjectVariable"
          },
          "parameters": [
            "Net",
            "wasReleased",
            "True",
            ""
          ]
        }
      ],
      "actions": [
        {
          "type": {
            "value": "SetNumberObjectVariable"
          },
          "parameters": [
            "Net",
            "numSpawnedFish",
            "+",
            "1"
          ]
        },
        {
          "type": {
            "value": "Create"
          },
          "parameters": [
            "",
            "FriendFish",
            "Net.X() + RandomInRange(-10, 25)",
            "Net.Y() + RandomInRange(-3, 15)",
            ""
          ]
        },
        {
          "type": {
            "value": "ChangePlan"
          },
          "parameters": [
            "FriendFish",
            "=",
            "2"
          ]
        }
      ]
    },
    {
      "type": "BuiltinCommonInstructions::Standard",
      "conditions": [
        {
          "type": {
            "value": "CollisionNP"
          },
          "parameters": [
            "MainFish",
            "Net",
            "",
            "",
            ""
          ]
        },
        {
          "type": {
            "value": "NumberObjectVariable"
          },
          "parameters": [
            "Net",
            "numFish",
            "=",
            "0"
          ]
        },
        {
          "type": {
            "value": "NumberObjectVariable"
          },
          "parameters": [
            "Net",
            "numSpawnedFish",
            "=",
            "-1"
          ]
        }
      ],
      "actions": [
        {
          "type": {
            "value": "SetNumberObjectVariable"
          },
          "parameters": [
            "Net",
            "numSpawnedFish",
            "+",
            "1"
          ]
        },
        {
          "type": {
            "value": "Create"
          },
          "parameters": [
            "",
            "Shark",
            "Net.X() + RandomInRange(-20, 35)",
            "Net.Y() + RandomInRange(-3, 15)",
            ""
          ]
        },
        {
          "type": {
            "value": "ChangePlan"
          },
          "parameters": [
            "Shark",
            "=",
            "10"
          ]
        },
        {
          "type": {
            "value": "AnimatableCapability::AnimatableBehavior::SetIndex"
          },
          "parameters": [
            "Shark",
            "Animation",
            "=",
            "0"
          ]
        },
        {
          "type": {
            "value": "AnimatableCapability::AnimatableBehavior::PauseAnimation"
          },
          "parameters": [
            "Shark",
            "Animation"
          ]
        },
        {
          "type": {
            "value": "ResetObjectTimer"
          },
          "parameters": [
            "Shark",
            "\"AggressionTimer\""
          ]
        },
        {
          "type": {
            "value": "SetBooleanObjectVariable"
          },
          "parameters": [
            "Net",
            "wasReleased",
            "True",
            ""
          ]
        },
        {
          "type": {
            "value": "PlaySound"
          },
          "parameters": [
            "",
            "release.wav",
            "",
            "75",
            ""
          ]
        }
      ]
    },
    {
      "type": "BuiltinCommonInstructions::Standard",
      "conditions": [
        {
          "type": {
            "value": "BooleanObjectVariable"
          },
          "parameters": [
            "Net",
            "wasReleased",
            "True",
            ""
          ]
        },
        {
          "type": {
            "value": "NumberObjectVariable"
          },
          "parameters": [
            "Net",
            "numSpawnedFish",
            ">=",
            "Net.numFish"
          ]
        }
      ],
      "actions": [
        {
          "type": {
            "value": "Delete"
          },
          "parameters": [
            "Net",
            ""
          ]
        }
      ]
    },
    {
      "type": "BuiltinCommonInstructions::Comment",
      "color": {
        "b": 109,
        "g": 230,
        "r": 255,
        "textB": 0,
        "textG": 0,
        "textR": 0
      },
      "comment": "Behavior"
    },
    {
      "type": "BuiltinCommonInstructions::Standard",
      "conditions": [],
      "actions": [
        {
          "type": {
            "value": "BBText::SetBBText"
          },
          "parameters": [
            "FishFriendCount",
            "=",
            "\"Friends: \" + FishFriendCount.Score"
          ]
        }
      ]
    },
    {
      "type": "BuiltinCommonInstructions::Standard",
      "conditions": [
        {
          "type": {
            "value": "CollisionNP"
          },
          "parameters": [
            "MainFish",
            "FriendFish",
            "",
            "",
            ""
          ]
        },
        {
          "type": {
            "value": "BooleanObjectVariable"
          },
          "parameters": [
            "FriendFish",
            "isFriend",
            "=",
            ""
          ]
        }
      ],
      "actions": [
        {
          "type": {
            "value": "SetBooleanObjectVariable"
          },
          "parameters": [
            "FriendFish",
            "isFriend",
            "True",
            ""
          ]
        },
        {
          "type": {
            "value": "ResetObjectTimer"
          },
          "parameters": [
            "FriendFish",
            "\"SchoolClock\""
          ]
        },
        {
          "type": {
            "value": "Tween::TweenBehavior::AddObjectPositionTween2"
          },
          "parameters": [
            "Hidden",
            "Tween",
            "\"ShiftRight\"",
            "Hidden.X() + 15",
            "Hidden.Y()",
            "\"linear\"",
            "0.5",
            ""
          ]
        },
        {
          "type": {
            "value": "SetNumberObjectVariable"
          },
          "parameters": [
            "FishFriendCount",
            "Score",
            "+",
            "1"
          ]
        }
      ]
    },
    {
      "type": "BuiltinCommonInstructions::Standard",
      "conditions": [
        {
          "type": {
            "value": "CompareObjectTimer"
          },
          "parameters": [
            "Shark",
            "\"AggressionTimer\"",
            ">=",
            "1"
          ]
        },
        {
          "type": {
            "value": "BooleanObjectVariable"
          },
          "parameters": [
            "Shark",
            "isAggressive",
            "=",
            ""
          ]
        },
        {
          "type": {
            "value": "BooleanObjectVariable"
          },
          "parameters": [
            "Shark",
            "isDone",
            "=",
            ""
          ]
        }
      ],
      "actions": [
        {
          "type": {
            "value": "SetBooleanObjectVariable"
          },
          "parameters": [
            "Shark",
            "isAggressive",
            "True",
            ""
          ]
        },
        {
          "type": {
            "value": "AnimatableCapability::AnimatableBehavior::PlayAnimation"
          },
          "parameters": [
            "Shark",
            "Animation"
          ]
        },
        {
          "type": {
            "value": "SetNumberObjectVariable"
          },
          "parameters": [
            "Shark",
            "chaseSpeed",
            "=",
            "100 + RandomInRange(-20, 20)"
          ]
        }
      ]
    },
    {
      "type": "BuiltinCommonInstructions::Standard",
      "conditions": [
        {
          "type": {
            "value": "BooleanObjectVariable"
          },
          "parameters": [
            "Shark",
            "isAggressive",
            "True",
            ""
          ]
        },
        {
          "type": {
            "value": "CompareObjectTimer"
          },
          "parameters": [
            "Shark",
            "\"AggressionTimer\"",
            "<=",
            "5"
          ]
        }
      ],
      "actions": [
        {
          "type": {
            "value": "AddForceVers"
          },
          "parameters": [
            "Shark",
            "MainFish",
            "Shark.chaseSpeed",
            "0"
          ]
        }
      ]
    },
    {
      "type": "BuiltinCommonInstructions::Standard",
      "conditions": [
        {
          "type": {
            "value": "BooleanObjectVariable"
          },
          "parameters": [
            "Shark",
            "isDone",
            "False",
            ""
          ]
        },
        {
          "type": {
            "value": "PosX"
          },
          "parameters": [
            "Shark",
            "<=",
            "MainFish.X()"
          ]
        }
      ],
      "actions": [
        {
          "type": {
            "value": "FlippableCapability::FlippableBehavior::FlipX"
          },
          "parameters": [
            "Shark",
            "Flippable",
            "yes"
          ]
        }
      ]
    },
    {
      "type": "BuiltinCommonInstructions::Standard",
      "conditions": [
        {
          "type": {
            "value": "BooleanObjectVariable"
          },
          "parameters": [
            "Shark",
            "isDone",
            "False",
            ""
          ]
        },
        {
          "type": {
            "value": "PosX"
          },
          "parameters": [
            "Shark",
            ">",
            "MainFish.X()"
          ]
        }
      ],
      "actions": [
        {
          "type": {
            "value": "FlippableCapability::FlippableBehavior::FlipX"
          },
          "parameters": [
            "Shark",
            "Flippable",
            "no"
          ]
        }
      ]
    },
    {
      "type": "BuiltinCommonInstructions::Standard",
      "conditions": [
        {
          "type": {
            "value": "PosX"
          },
          "parameters": [
            "FriendFish",
            "<=",
            "MainFish.X()"
          ]
        }
      ],
      "actions": [
        {
          "type": {
            "value": "FlippableCapability::FlippableBehavior::FlipX"
          },
          "parameters": [
            "FriendFish",
            "Flippable",
            "no"
          ]
        }
      ]
    },
    {
      "type": "BuiltinCommonInstructions::Standard",
      "conditions": [
        {
          "type": {
            "value": "PosX"
          },
          "parameters": [
            "FriendFish",
            ">",
            "MainFish.X()"
          ]
        }
      ],
      "actions": [
        {
          "type": {
            "value": "FlippableCapability::FlippableBehavior::FlipX"
          },
          "parameters": [
            "FriendFish",
            "Flippable",
            "yes"
          ]
        }
      ]
    },
    {
      "type": "BuiltinCommonInstructions::Standard",
      "conditions": [
        {
          "type": {
            "value": "BooleanObjectVariable"
          },
          "parameters": [
            "FriendFish",
            "isFriend",
            "True",
            ""
          ]
        },
        {
          "type": {
            "value": "CompareObjectTimer"
          },
          "parameters": [
            "FriendFish",
            "\"SchoolClock\"",
            ">=",
            "0.15"
          ]
        }
      ],
      "actions": [
        {
          "type": {
            "value": "ResetObjectTimer"
          },
          "parameters": [
            "FriendFish",
            "\"SchoolClock\""
          ]
        },
        {
          "type": {
            "value": "SetNumberObjectVariable"
          },
          "parameters": [
            "FriendFish",
            "surroundX",
            "=",
            "MainFish.X() + RandomInRange(-30, 30)"
          ]
        },
        {
          "type": {
            "value": "SetNumberObjectVariable"
          },
          "parameters": [
            "FriendFish",
            "surroundY",
            "=",
            "MainFish.Y() + RandomInRange(-30, 30)"
          ]
        },
        {
          "type": {
            "value": "Tween::TweenBehavior::AddObjectPositionTween2"
          },
          "parameters": [
            "FriendFish",
            "Tween",
            "\"SurroundTween\"",
            "FriendFish.surroundX",
            "FriendFish.surroundY",
            "\"linear\"",
            "0.15",
            ""
          ]
        }
      ]
    },
    {
      "type": "BuiltinCommonInstructions::Standard",
      "conditions": [
        {
          "type": {
            "value": "CollisionNP"
          },
          "parameters": [
            "Shark",
            "FriendFish",
            "",
            "",
            ""
          ]
        },
        {
          "type": {
            "value": "BooleanObjectVariable"
          },
          "parameters": [
            "Shark",
            "isAggressive",
            "True",
            ""
          ]
        },
        {
          "type": {
            "value": "BuiltinCommonInstructions::Once"
          },
          "parameters": []
        }
      ],
      "actions": [
        {
          "type": {
            "value": "SetBooleanObjectVariable"
          },
          "parameters": [
            "Shark",
            "isDone",
            "True",
            ""
          ]
        },
        {
          "type": {
            "value": "SetBooleanObjectVariable"
          },
          "parameters": [
            "Shark",
            "isAggressive",
            "False",
            ""
          ]
        },
        {
          "type": {
            "value": "SetNumberObjectVariable"
          },
          "parameters": [
            "FishFriendCount",
            "Score",
            "-",
            "1"
          ]
        },
        {
          "type": {
            "value": "Delete"
          },
          "parameters": [
            "FriendFish",
            ""
          ]
        },
        {
          "type": {
            "value": "BBText::SetBBText"
          },
          "parameters": [
            "FishFriendCount",
            "=",
            "\"Friends: \" + FishFriendCount.Score"
          ]
        },
        {
          "type": {
            "value": "Tween::TweenBehavior::AddObjectPositionTween2"
          },
          "parameters": [
            "Hidden",
            "Tween",
            "\"ShiftRight\"",
            "Hidden.X() - 15",
            "Hidden.Y()",
            "\"linear\"",
            "0.5",
            ""
          ]
        },
        {
          "type": {
            "value": "PlaySound"
          },
          "parameters": [
            "",
            "death.wav",
            "",
            "75",
            "5"
          ]
        }
      ]
    },
    {
      "type": "BuiltinCommonInstructions::Standard",
      "conditions": [
        {
          "type": {
            "value": "CollisionNP"
          },
          "parameters": [
            "Shark",
            "MainFish",
            "",
            "",
            ""
          ]
        },
        {
          "type": {
            "value": "BooleanObjectVariable"
          },
          "parameters": [
            "Shark",
            "isAggressive",
            "True",
            ""
          ]
        }
      ],
      "actions": [
        {
          "type": {
            "value": "Delete"
          },
          "parameters": [
            "MainFish",
            ""
          ]
        },
        {
          "type": {
            "value": "PlaySound"
          },
          "parameters": [
            "",
            "death.wav",
            "",
            "75",
            ""
          ]
        }
      ]
    },
    {
      "type": "BuiltinCommonInstructions::Standard",
      "conditions": [
        {
          "type": {
            "value": "CompareObjectTimer"
          },
          "parameters": [
            "Shark",
            "\"AggressionTimer\"",
            ">=",
            "5"
          ]
        }
      ],
      "actions": [
        {
          "type": {
            "value": "SetBooleanObjectVariable"
          },
          "parameters": [
            "Shark",
            "isDone",
            "True",
            ""
          ]
        }
      ]
    },
    {
      "type": "BuiltinCommonInstructions::Standard",
      "conditions": [
        {
          "type": {
            "value": "BooleanObjectVariable"
          },
          "parameters": [
            "Shark",
            "isDone",
            "True",
            ""
          ]
        },
        {
          "type": {
            "value": "PosX"
          },
          "parameters": [
            "Shark",
            "<=",
            "MainFish.X()"
          ]
        }
      ],
      "actions": [
        {
          "type": {
            "value": "Tween::TweenBehavior::AddObjectPositionTween2"
          },
          "parameters": [
            "Shark",
            "Tween",
            "\"SwimAway\"",
            "Shark.X() - 300",
            "Shark.Y()",
            "\"linear\"",
            "3",
            ""
          ]
        },
        {
          "type": {
            "value": "FlippableCapability::FlippableBehavior::FlipX"
          },
          "parameters": [
            "Shark",
            "Flippable",
            "no"
          ]
        },
        {
          "type": {
            "value": "Tween::TweenBehavior::AddObjectOpacityTween2"
          },
          "parameters": [
            "Shark",
            "Tween",
            "\"FadeAway\"",
            "0",
            "\"linear\"",
            "0.5",
            "yes"
          ]
        },
        {
          "type": {
            "value": "Tween::TweenBehavior::AddObjectScaleTween3"
          },
          "parameters": [
            "Shark",
            "Tween",
            "\"ShrinkAway\"",
            "0.25",
            "\"linear\"",
            "1",
            "yes",
            "yes"
          ]
        }
      ]
    },
    {
      "type": "BuiltinCommonInstructions::Standard",
      "conditions": [
        {
          "type": {
            "value": "BooleanObjectVariable"
          },
          "parameters": [
            "Shark",
            "isDone",
            "True",
            ""
          ]
        },
        {
          "type": {
            "value": "PosX"
          },
          "parameters": [
            "Shark",
            ">",
            "MainFish.X()"
          ]
        }
      ],
      "actions": [
        {
          "type": {
            "value": "Tween::TweenBehavior::AddObjectPositionTween2"
          },
          "parameters": [
            "Shark",
            "Tween",
            "\"SwimAway\"",
            "Shark.X() + 300",
            "Shark.Y()",
            "\"linear\"",
            "3",
            ""
          ]
        },
        {
          "type": {
            "value": "FlippableCapability::FlippableBehavior::FlipX"
          },
          "parameters": [
            "Shark",
            "Flippable",
            "yes"
          ]
        },
        {
          "type": {
            "value": "Tween::TweenBehavior::AddObjectScaleTween3"
          },
          "parameters": [
            "Shark",
            "Tween",
            "\"ShrinkAway\"",
            "0.25",
            "\"linear\"",
            "1",
            "yes",
            "yes"
          ]
        },
        {
          "type": {
            "value": "Tween::TweenBehavior::AddObjectOpacityTween2"
          },
          "parameters": [
            "Shark",
            "Tween",
            "\"FadeAway\"",
            "0",
            "\"linear\"",
            "0.5",
            "yes"
          ]
        }
      ]
    }
  ],
  "layers": [
    {
      "ambientLightColorB": 200,
      "ambientLightColorG": 200,
      "ambientLightColorR": 200,
      "camera3DFarPlaneDistance": 10000,
      "camera3DFieldOfView": 45,
      "camera3DNearPlaneDistance": 3,
      "cameraType": "",
      "followBaseLayerCamera": false,
      "isLightingLayer": false,
      "isLocked": false,
      "name": "",
      "renderingType": "",
      "visibility": true,
      "cameras": [
        {
          "defaultSize": true,
          "defaultViewport": true,
          "height": 0,
          "viewportBottom": 1,
          "viewportLeft": 0,
          "viewportRight": 1,
          "viewportTop": 0,
          "width": 0
        }
      ],
      "effects": []
    },
    {
      "ambientLightColorB": 200,
      "ambientLightColorG": 200,
      "ambientLightColorR": 200,
      "camera3DFarPlaneDistance": 10000,
      "camera3DFieldOfView": 45,
      "camera3DNearPlaneDistance": 3,
      "cameraType": "",
      "followBaseLayerCamera": false,
      "isLightingLayer": false,
      "isLocked": false,
      "name": "MobileControls",
      "renderingType": "",
      "visibility": true,
      "cameras": [],
      "effects": []
    },
    {
      "ambientLightColorB": 200,
      "ambientLightColorG": 200,
      "ambientLightColorR": 200,
      "camera3DFarPlaneDistance": 10000,
      "camera3DFieldOfView": 45,
      "camera3DNearPlaneDistance": 3,
      "cameraType": "",
      "followBaseLayerCamera": false,
      "isLightingLayer": false,
      "isLocked": false,
      "name": "UI",
      "renderingType": "",
      "visibility": true,
      "cameras": [],
      "effects": []
    }
  ],
  "behaviorsSharedData": [
    {
      "name": "Animation",
      "type": "AnimatableCapability::AnimatableBehavior"
    },
    {
      "name": "Effect",
      "type": "EffectCapability::EffectBehavior"
    },
    {
      "name": "Flippable",
      "type": "FlippableCapability::FlippableBehavior"
    },
    {
      "name": "Opacity",
      "type": "OpacityCapability::OpacityBehavior"
    },
    {
      "name": "Resizable",
      "type": "ResizableCapability::ResizableBehavior"
    },
    {
      "name": "Scale",
      "type": "ScalableCapability::ScalableBehavior"
    },
    {
      "name": "SmoothCamera",
      "type": "SmoothCamera::SmoothCamera"
    },
    {
      "name": "TopDownMovement",
      "type": "TopDownMovementBehavior::TopDownMovementBehavior"
    },
    {
      "name": "TopDownMultitouchMapper",
      "type": "SpriteMultitouchJoystick::TopDownMultitouchMapper"
    },
    {
      "name": "Tween",
      "type": "Tween::TweenBehavior"
    }
  ]
}